company,rating,website,mobile,open
USA Roof Masters,4.8,https://usaroofmasters.com/?utm_campaign=gmb&utm_medium=organic&utm_source=gmb,(215) 638-7276,Closed ⋅ Opens 9 AM Mon
Roof Pros USA,4.8,http://www.roofprosusa.com/,(407) 831-7663,Closed ⋅ Opens 8 AM Mon
Baker Roofing Company,4.7,https://bakerroofing.com/,(919) 828-2975,Closed ⋅ Opens 8 AM Mon
USA Roofing | Roofing Company In Baton Rouge,5.0,https://usaroofinglouisiana.com/,(225) 888-4610,Closed ⋅ Opens 8 AM Mon
USA Home Roofing & Exteriors,4.9,https://usahome-roof.com/?utm_source=google&utm_medium=organic&utm_campaign=gmbwebsite,(726) 610-8225,Closed ⋅ Opens 8 AM Mon
"USA Roofing, Inc.",5.0,https://usaroofing.com/,(972) 263-2938,Closed ⋅ Opens 9 AM Mon
Ranger Roofing and Construction USA,5.0,https://www.rangerroofingusa.com/,(405) 787-2704,Closed ⋅ Opens 8 AM Mon
"Jacksonville Roofing USA, LLC",4.9,http://www.jacksonvilleroofingusa.com/,(904) 759-1037,Closed ⋅ Opens 8 AM Mon
JR & Co.,4.6,http://www.jrcousa.com/,(816) 587-6148,Closed ⋅ Opens 8 AM Mon
Roof Works USA,4.8,http://roofworksusa.com/,(814) 502-5253,Closed ⋅ Opens 8 AM Mon
United States Roofing Corporation WAREHOUSE,3.9,http://www.usroofing.com/,(610) 272-6600,
3-R Roofing Company,5.0,https://3rroofing.net/,(682) 202-3203,
USA Roofing & Construction,5.0,https://www.usaroofingdfw.com/,(817) 773-8067,Closed ⋅ Opens 8 AM Mon
"Better Roofing USA, Inc.",4.6,http://www.betterroofingusainc.com/,(210) 971-8684,Closed ⋅ Opens 9 AM Mon
KPost Roofing & Waterproofing,4.9,https://kpostcompany.com/?utm_source=gmb&utm_medium=organic,(469) 898-8099,Closed ⋅ Opens 8 AM Mon
USA Home Improvement Solutions,4.6,https://www.usahomeimprovementsinc.com/,(877) 872-3398,Closed ⋅ Opens 8 AM Mon
National Roofing,4.8,https://nationalroofing.com/,(505) 883-3000,
The Original Roofing Company,3.9,https://www.theroofingcompanylasvegas.com/,(702) 739-7663,Closed ⋅ Opens 7:30 AM Mon
Capital Construction,4.9,https://www.capitalmn.com/,(952) 222-4004,Closed ⋅ Opens 8 AM Mon
Roofing USA,4.7,https://roofingusa.com/?utm_source=MtPleasant_GBPlisting&utm_medium=organic,(843) 417-0607,
Roofing USA,4.7,https://roofingusa.com/?utm_source=MtPleasant_GBPlisting&utm_medium=organic,(843) 417-0607,
Able Roofing,4.5,https://ableroof.com/,(614) 444-7663,Closed ⋅ Opens 8 AM Mon
Roofing Pros USA,4.5,https://roofingprosusa.com/,(407) 960-6333,Closed ⋅ Opens 8:30 AM Mon
USA ROOFING AND CONSTRUCTION INC,5.0,http://usaroofingandconstructioninc.com/,(954) 893-2550,Closed ⋅ Opens 8:30 AM Mon
Roofing Company 123 Roofing Usa,5.0,https://www.123roofingusa.com/,(954) 688-6327,Closed ⋅ Opens 8 AM Mon
"Town and Country Roofing, Inc.",4.8,http://www.townandcountryroofingdfw.com/,(972) 377-8188,Closed ⋅ Opens 8:30 AM Mon
Absolute Construction,4.9,https://www.absoluteroofingcompany.net/?utm_source=Google&utm_medium=Local&utm_campaign=GMB-Dallas,(972) 596-0159,Closed ⋅ Opens 8 AM Mon
US Roofing,4.8,https://joinusroofing.com/,(888) 965-0305,Closed ⋅ Opens 8:30 AM Mon
USA Roofing,5.0,https://usaroofingmurfreesboro.com/,(615) 556-6598,
"USA Roofing & Gutters, LLC",4.9,http://www.usaroofing.us/,(256) 661-7663,Closed ⋅ Opens 8:30 AM Mon
Complete Roof Systems,5.0,http://www.crsroofing.net/,(201) 734-5465,Closed ⋅ Opens 7 AM Mon
US Roofing,4.9,https://us-roofing.com/,(978) 532-6300,Closed ⋅ Opens 7 AM Mon
USA Roofing & Waterproofing LLC,5.0,https://www.usaroofingpdx.com/,(503) 836-5016,Closed ⋅ Opens 7 AM Mon
"Home Remedy USA Roofing, Gutters & Windows",4.8,https://www.homeremedyusa.com/,(828) 544-5231,Closed ⋅ Opens 8 AM Mon
Bone Dry Roofing Company,4.8,https://www.bonedryroofing.net/,(706) 707-5154,Closed ⋅ Opens 8 AM Mon
USA Construction & Roofing,5.0,https://usaconstructionnj.com/,(973) 652-0787,
Commercial Roofers Inc,4.8,http://www.commroof.com/,(702) 876-1777,Closed ⋅ Opens 7:30 AM Mon
"USA Roofing, LLC",4.8,http://www.theroofersyouneed.com/,(302) 864-8181,Closed ⋅ Opens 9 AM Mon
A Green Contractors Corp.,4.9,https://agreencontractors.com/,(305) 877-5586,Closed ⋅ Opens 8 AM Mon
Greenawalt Roofing Company,4.9,https://www.greenawaltroofing.com/,(717) 898-6000,
Cook Roofing Company,4.2,https://www.cookroofingbranson.com/?utm_source=GoogleMyBusiness&utm_medium=organic&utm_campaign=googlemybusiness,(417) 334-4238,Closed ⋅ Opens 9 AM Mon
Empire Roofing,3.9,https://www.empireroofing.com/,(817) 572-2250,Closed ⋅ Opens 8 AM Mon
"USA Roofing & Gutters, LLC",4.7,https://www.usaroofing.us/,(205) 655-7663,Closed ⋅ Opens 8:30 AM Mon
"Elite Contractors, LLC",4.5,http://elitecontractorsus.com/,(731) 300-3510,
Roof US,4.4,http://www.roofus247.com/,(770) 368-0005,Closed ⋅ Opens 8 AM Mon
Roofing Pros USA,4.9,https://roofingprosusa.com/,(904) 621-7333,Closed ⋅ Opens 8:30 AM Mon
US Roofing,4.9,https://usroofing.us/,(855) 877-6631,Closed ⋅ Opens 9 AM Mon
State Roofing Company,4.9,https://www.stateroofingtexas.com/?utm_source=google&utm_medium=map&utm_campaign=gmb,(281) 293-7000,Closed ⋅ Opens 8 AM Mon
The Exterior Company,4.8,https://theexteriorcompany.com/,(855) 766-3264,Closed ⋅ Opens 8 AM Mon
New Jersey Roofing Company,5.0,https://njroofingcompany.com/,(201) 267-3000,
USA Roofing Inc,4.0,http://www.usaroofinginc.com/,(330) 425-2478,
Elite Roofing Contractor,4.9,http://eliteroofingincnj.com/,(201) 436-1011,
RoofingCo of America,5.0,http://www.roofing.co/,(727) 758-3606,
Americas Best Roofing Company,4.9,http://www.americasbestroofing.com/,(310) 792-1261,Closed ⋅ Opens 8 AM Mon
USA Roofing Co. Corp,,,(347) 534-7551,Closed ⋅ Opens 9 AM Mon
USA Home Roofing & Exteriors,5.0,http://www.usahome-roof.com/,(512) 888-8408,Closed ⋅ Opens 8 AM Mon
Standard Roofing Company,5.0,http://www.standardroofingok.com/,(405) 236-8401,Closed ⋅ Opens 7 AM Mon
Legacy Roofing & Construction LLC,5.0,https://legacyroofingusa.com/,(469) 991-7663,Closed ⋅ Opens 8 AM Mon
USA Roofing Co.,4.8,,(580) 242-8996,
Big Roofing USA,5.0,http://www.bigroofingusa.com/,(407) 575-0325,Closed ⋅ Opens 8 AM Mon
The Great American Roofing Company,4.9,http://thegreatamericanroofer.com/,(201) 825-2955,
US Roofing Commercial & Industrial Contractors,5.0,http://www.usroofinginc.com/?=GMBListing,(920) 261-7023,Closed ⋅ Opens 9 AM Mon
Alto Vista Roofing Company,4.6,http://www.altovistaroofing.com/,(210) 837-5501,Closed ⋅ Opens 8 AM Mon
BELDON Roofing Company,4.7,https://www.beldon.com/,(833) 523-5366,
Roof USA,4.9,http://www.roofusade.com/,(302) 897-0542,Closed ⋅ Opens 8 AM Mon
Commercial Roof USA,5.0,https://commercialroofusa.com/commercialroofusa/,(203) 858-0080,Closed ⋅ Opens 7 AM Mon
"Taylor-Made Roofing and Contracting Services, LLC",4.2,https://www.taylormaderoofingllc.com/,(417) 326-8778,Closed ⋅ Opens 8 AM Mon
Elevated Roofing,4.9,https://elevatedroofing.com/,(469) 305-0010,Closed ⋅ Opens 12 AM Mon
Solid Rock Commercial Roofing,5.0,https://www.solidrockcorp.com/,(316) 227-2628,Closed ⋅ Opens 8 AM Mon
ROOF U.S.,5.0,https://www.roofusconstruction.com/?utm_campaign=gmb&utm_source=gbp,(573) 488-6697,Closed ⋅ Opens 7 AM Mon
USA Roofing LLC,4.6,http://usaroofingaz.com/,(602) 482-2411,Closed ⋅ Opens 9 AM Mon
"USA Roofing & Gutters, LLC",4.8,http://www.usaroofing.us/,(205) 933-7663,Closed ⋅ Opens 8:30 AM Mon
Roofing USA,4.8,https://roofingusa.store/,(619) 975-4070,
USA Premier Roofing,5.0,https://www.usapmroofing.com/,(818) 582-8110,Closed ⋅ Opens 8 AM
Usa Roofing inc.,5.0,http://usaroofingma.com/,(508) 202-3156,Closed ⋅ Opens 6:30 AM Mon
Kansas City Roofing Company,4.9,https://kcroofingcompany.com/,(816) 269-0058,
USA Roofing | Roofing Company In Lafayette,5.0,https://usaroofinglouisiana.com/,(337) 600-2616,Closed ⋅ Opens 8 AM Mon
A Low Cost Roofing Dallas,4.9,https://alowcostroofingdallas.com/,(972) 905-0444,Closed ⋅ Opens 8 AM Mon
Penney Construction,5.0,https://www.penneyconstruction.net/,(316) 226-9006,Closed ⋅ Opens 7 AM Mon
Good Roofing Company,5.0,https://www.goodroofingcompany.com/,(816) 207-3993,
Roofing USA,,http://www.roofingusa.com/,(260) 749-1819,
Apple Roofing,4.8,https://appleroof.com/blue-springs/?utm_source=GoogleBusinessProfile&utm_medium=organic&utm_campaign=Blue-Springs-MO,(816) 290-7392,
America's Best Roofing Company,4.1,https://www.usabestroofing.com/,(520) 981-4008,Closed ⋅ Opens 12 AM Mon
"Roofing America, Inc.",5.0,https://www.roofingamericasolutions.com/,(407) 844-5131,Closed ⋅ Opens 9 AM Mon
Pro USA Roofing,4.3,http://www.prousaroofing.com/,(800) 817-0869,Closed ⋅ Opens 9 AM Mon
Oklahoma City Roofing Repair,4.3,,,
Texas Roofers USA,5.0,https://texasroofers.com/locations/dallas-texas-roofers/,(214) 717-8818,
USA Roofing and Repairs,5.0,https://usaroofingandrepairs.com/,(615) 814-6566,
Premier Roofing Company,4.4,http://www.premier-roofing.com/locations/kansas-city-roofing/?utm_source=google&utm_medium=local&utm_campaign=GMB&utm_content=KansasCity,(816) 254-7663,Closed ⋅ Opens 7:30 AM Mon
Superior Commercial Roofing Systems,5.0,https://www.stlouisroofing.company/?utm_source=GMB&utm_medium=profile&utm_campaign=local_search,(573) 470-4998,
Proclaim Roofing,4.5,http://www.proclaimroof.com/,(972) 984-7663,
St. Louis Roofing Company Inc.,4.2,http://www.saintlouisroofing.com/,(314) 436-3788,Closed ⋅ Opens 7 AM Mon
Houston Commercial Roofing Company,5.0,https://houstoncommercialroofingcompany.com/,(832) 492-5633,
"Davco Roofing and Sheet Metal, LLC",4.9,https://davcoroofing.com/?utm_campaign=gmb,(704) 207-0945,Closed ⋅ Opens 7 AM Mon
Precision Construction & Roofing,4.8,https://www.precisionconstructionandroofing.com/,(817) 519-8985,Closed ⋅ Opens 8 AM Mon
America Roofing,4.1,https://www.americaroofingco.com/,(602) 237-2478,Closed ⋅ Opens 7 AM Mon
"S&K Roofing, Siding and Windows",4.9,https://www.skroofing.com/?utm_source=google&utm_medium=organic&utm_campaign=GMBListing-Eldersburg-MD,(888) 206-0047,Closed ⋅ Opens 7 AM Mon
A-R Roofing & Exteriors,4.9,https://arroofing.com/,(800) 578-9230,Closed ⋅ Opens 8 AM Mon
USA Home Construction,4.5,,(703) 888-8536,
Priority Roofing,5.0,https://priorityroofs.com/roofer-dallas/,(469) 615-8193,Closed ⋅ Opens 9 AM Mon
Blue Angel Roofing and General Contractors,4.9,https://blueangelroofinggc.com/,(214) 385-9262,Closed ⋅ Opens 8 AM Mon
All Roof USA LLC,5.0,http://allroofusa.com/,(203) 803-6483,Closed ⋅ Opens 6 AM Mon
North American Roofing Company,4.9,https://www.roofingnorthamerica.com/,(281) 377-5867,Closed ⋅ Opens 8 AM Mon
Roofs Only Florida,4.6,https://roofsonlyfl.com/,(941) 456-7100,
Farha Roofing,4.9,https://farharoofing.com/kansas-city-mo/,(816) 244-3231,Closed ⋅ Opens 8 AM Mon
Tarrant Roofing - Fort Worth,4.5,http://www.tarrantroofing.com/,(817) 571-7809,Closed ⋅ Opens 8 AM Mon
"Pro-Roofing USA of Midwest, LLC",5.0,https://www.pro-roofingusamidwest.com/,(913) 238-0456,
American Roofing Company,4.8,http://www.roofyou.com/,(423) 205-6010,Closed ⋅ Opens 8 AM Mon
The Roofing HQ,5.0,https://theroofinghq.com/,(833) 476-6347,
Restoration Roofing,4.7,http://www.restorationroofingusa.com/,(214) 295-6213,Closed ⋅ Opens 8 AM Mon
American Roofing Company,4.9,http://www.roofyou.com/,(706) 222-7282,Closed ⋅ Opens 8 AM Mon
Blue Eagle General Contractors,4.8,http://blueeaglegc.com/,(800) 217-8110,
Roof U.S.,4.4,http://roofus247.com/,(770) 368-0005,Closed ⋅ Opens 9 AM Mon
"Absolute Commercial Roofing Services- Atlanta, GA",4.9,http://www.absoluteroofingservices.com/,(770) 743-7946,
"Aspen Contracting, Inc.",4.2,https://www.roofsbyaspen.com/,(816) 246-4545,
IB Roof Systems - Texas (HQ),3.8,http://ibroof.com/,(800) 426-1626,Closed ⋅ Opens 8 AM Mon
Z Construction & Roofing,4.9,https://www.zconstruction.biz/,(405) 882-1717,
JUST ROOF GENERAL CONTRACTORS,4.5,,(972) 415-4067,Closed ⋅ Opens 10 AM Mon
The Woodbridge Roofing Company,5.0,http://woodbridgeroofers.com/,(571) 570-7930,Closed ⋅ Opens 8 AM Mon
Derby Roofing Company,4.8,https://www.derbykansasroofing.com/,(316) 444-6642,
